Position,Top1_Token,Probability
0,G,0.25622618
1,T,0.34610376
2,T,0.4546302
3,T,0.30680633
4,T,0.35087782
5,T,0.25644535
6,A,0.2801336
7,T,0.35893437
8,T,0.46876428
9,T,0.4805061
10,T,0.5164027
11,T,0.30551195
12,S,0.28960556
13,S,0.30313525
14,G,0.33834407
